<?xml version="1.0" encoding="UTF-8"?>
<project>
<!-- project -->
<property name="Name"    value="Example" />
<property name="name"    value="example" />
<property name="vendor"  value="Java Swing Tips - at.terai@gmail.com" />
<property name="version" value="1.0.0" />
<property name="year"    value="2003-2010" />

<!-- class -->
<property name="main.class"        value="example.MainPanel" />
<property name="runtime.classpath" value="." />

<!-- compile -->
<property name="compile.debug"       value="on" />
<property name="compile.optimize"    value="on" />
<property name="compile.nowarn"      value="off" />
<property name="compile.deprecation" value="on" />
<property name="compile.verbose"     value="off" />
<property name="compile.source"      value="1.6" />
<property name="compile.encoding"    value="UTF-8" />

<!-- javadoc -->
<property name="javadoc.encoding"    value="UTF-8" />
<property name="javadoc.docencoding" value="UTF-8" />
<property name="javadoc.pkgs"        value="*" />
<property name="javadoc.locale"      value="ja" />
<property name="javadoc.link"        value="http://java.sun.com/javase/ja/6/docs/ja/api/" />

<!-- signjar -->
<property name="signjar.keystore" value="myKeyStore" />
<property name="signjar.alias"    value="myAlias" />

<!-- directory -->
<property name="lib.dir"  value="lib" />
<property name="src.dir"  value="src/java" />
<property name="res.dir"  value="src/conf" />
<property name="web.dir"  value="src/web" />
<property name="conf.dir" value="src/conf" />
<property name="bkup.dir" value="bkuptmp" />

<!-- target -->
<property name="build.dir"            value="${basedir}/target" />
<property name="build.src"            value="${build.dir}/src" />
<property name="build.dest"           value="${build.dir}/classes" />
<property name="build.docs"           value="${build.dir}/apidocs" />
<property name="build.reports"        value="${build.dir}/reports" />
<property name="build.correctreports" value="${build.dir}/correctreports" />
<property name="build.res"            value="${build.dest}/resources" />
<property name="build.conf"           value="${build.dest}/conf" />

</project>
